{
  "feature_order": [
    "tx_count_user_1h",
    "amount_vs_user_avg_24h",
    "avg_amount_user_24h",
    "amount_vs_merchant_avg",
    "tx_count_merchant_1h",
    "merchant_velocity_spike",
    "merchant_fraud_rate",
    "amount_log",
    "is_high_amount",
    "foreign_high_amount",
    "high_amount_mobile",
    "repeat_user_fast",
    "merchant_risky_high_amount"
  ],
  "mean": [
    50.99787040000049,
    0.9995974047705382,
    2499.8392142717794,
    0.9995999971817959,
    1001.0118103999927,
    1.0,
    0.11452719999999855,
    7.519149027427466,
    0.399913,
    0.0958452,
    0.119894,
    1.0,
    0.399913
  ],
  "std": [
    7.062671239769615,
    0.5770230251613806,
    204.5145375207395,
    0.5770926789353366,
    31.834781425433338,
    0.0,
    0.010109849233265274,
    0.99235648145903,
    0.48988023069677766,
    0.29437886297888816,
    0.3248375745936575,
    0.0,
    0.48988023069677766
  ]
}