{
  "feature_order": [
    "tx_count_user_1h",
    "amount_vs_user_avg_24h",
    "avg_amount_user_24h",
    "amount_vs_merchant_avg",
    "tx_count_merchant_1h",
    "merchant_velocity_spike",
    "merchant_fraud_rate",
    "amount_log",
    "is_high_amount",
    "foreign_high_amount",
    "high_amount_mobile",
    "repeat_user_fast",
    "merchant_risky_high_amount"
  ],
  "mean": [
    51.003982399999494,
    0.9995975715530009,
    2500.71630204453,
    0.9996001403325049,
    1001.0328348000095,
    1.0,
    0.11463619999999931,
    7.519645702462923,
    0.4002948,
    0.0960598,
    0.1200736,
    1.0,
    0.4002948
  ],
  "std": [
    7.083012958784223,
    0.5767976445656433,
    203.4878264643013,
    0.5768475318085107,
    32.12682236858238,
    0.0,
    0.010026435124012155,
    0.992102934235346,
    0.48995808096687643,
    0.29467326344686656,
    0.32504761453397923,
    0.0,
    0.48995808096687643
  ]
}